{"cameraMode":{"drawMode":0,"name":"Shaded","section":"Shading Mode"},"sceneLighting":true,"audioPlay":false,"sceneViewState":{"showFog":true,"showMaterialUpdate":false,"showSkybox":true,"showFlares":true,"showImageEffects":true,"showParticleSystems":true},"in2DMode":false,"pivot":{"x":3.573032855987549,"y":-1.2471003532409669,"z":-9.104265213012696},"rotation":{"x":-0.1189122349023819,"y":-0.7877137064933777,"z":0.16075152158737184,"w":-0.5826928615570068},"size":5.650613307952881,"orthographic":false}